{
  "version": 1,
  "author": "Fernando Vexenat",
  "editor": "wokwi",
  "parts": [
    { "type": "wokwi-esp32-devkit-v1", "id": "esp", "top": 4.67, "left": 78, "attrs": {} },
    { "type": "wokwi-dht22", "id": "dht1", "top": -51.43, "left": -27.13, "attrs": {} },
    {
      "type": "wokwi-led",
      "id": "led1",
      "top": 14,
      "left": -106.2,
      "attrs": { "color": "green" }
    },
    {
      "type": "wokwi-resistor",
      "id": "r1",
      "top": 78.21,
      "left": -110.67,
      "rotate": 90,
      "attrs": { "value": "220" }
    },
    {
      "type": "wokwi-relay-module",
      "id": "relay1",
      "top": 199.8,
      "left": -96,
      "rotate": 90,
      "attrs": {}
    }
  ],
  "connections": [
    [ "esp:TX0", "$serialMonitor:RX", "", [] ],
    [ "esp:RX0", "$serialMonitor:TX", "", [] ],
    [ "relay1:IN", "esp:D15", "green", [ "v0" ] ],
    [ "relay1:GND", "esp:GND.2", "black", [ "v0" ] ],
    [ "relay1:VCC", "esp:VIN", "red", [ "v0" ] ],
    [ "relay1:NO", "r1:2", "green", [ "v0" ] ],
    [ "led1:C", "esp:GND.2", "green", [ "v0" ] ],
    [ "relay1:COM", "esp:GND.2", "green", [ "v0" ] ],
    [ "dht1:VCC", "esp:VIN", "red", [ "v0" ] ],
    [ "dht1:SDA", "esp:D12", "green", [ "v0" ] ],
    [ "relay1:VCC", "esp:3V3", "red", [ "v0" ] ],
    [ "dht1:VCC", "esp:3V3", "red", [ "v0" ] ],
    [ "dht1:GND", "esp:GND.1", "black", [ "v0" ] ]
  ],
  "dependencies": {}
}